Question,deepseek-coder:latest,deepseek-r1:8b,gemma3:1b,llama3.1:latest,llama3.2:latest,llava:latest,mistral:latest,phi3:latest,Qwen2.5-coder:latest,qwen3:latest,deepseek-coder:latest_2,deepseek-r1:8b_2,gemma3:1b_2,llama3.1:latest_2,llama3.2:latest_2,llava:latest_2,mistral:latest_2,phi3:latest_2,Qwen2.5-coder:latest_2,qwen3:latest_2,deepseek-coder:latest_3,deepseek-r1:8b_3,gemma3:1b_3,llama3.1:latest_3,llama3.2:latest_3,llava:latest_3,mistral:latest_3,phi3:latest_3,Qwen2.5-coder:latest_3,qwen3:latest_3
When was Albert Einstein born?,-,-,1907-05-14,1879-03-14,1879-09-14,1879-03-14,1879-03-14,1879-03-14,1879-03-14,-,-,-,1907-05-14,1879-03-14,1879-09-14,1879-03-14,1879-03-14,1879-03-14,1879-03-14,-,-,-,1907-05-14,1879-03-14,1879-09-14,1879-03-14,1879-03-14,1879-03-14,1879-03-14,-
"What day did Martin Luther King Jr. deliver his ""I Have a Dream"" speech?",-,-,1963-01-20,1963-08-28,1963-08-28,1963-08-28,1963-08-28,1963-08-28,1963-08-28,-,-,-,1963-01-20,1963-08-28,1963-08-28,1963-08-28,1963-08-28,1963-08-28,1963-08-28,-,-,-,1963-01-20,1963-08-28,1963-08-28,1963-08-28,1963-08-28,1963-08-28,1963-08-28,-
When did Queen Elizabeth II ascend to the throne?,-,-,1952-09-01,1952-02-06,1952-06-02,1952-02-06,1952-02-06,-,-,-,-,-,1952-09-01,1952-02-06,1952-06-02,1952-02-06,1952-02-06,-,-,-,-,-,1952-09-01,1952-02-06,1952-06-02,1952-02-06,1952-02-06,-,-,-
On what date did Leonardo da Vinci die?,-,-,1519-03-10,-,-,1519-05-02,1519-05-02,1519-07-02,1520-05-23,-,-,-,1519-03-10,-,-,1519-05-02,1519-05-02,1519-07-02,1520-05-23,-,-,-,1519-03-10,-,-,1519-05-02,1519-05-02,1519-07-02,1520-05-23,-
What is the birth date of Marie Curie?,-,-,1906-02-11,1867-11-07,1867-05-07,1867-05-04,1867-11-07,1867-10-07,1867-11-07,-,-,-,1906-02-11,1867-11-07,1867-05-07,1867-05-04,1867-11-07,1867-10-07,1867-11-07,-,-,-,1906-02-11,1867-11-07,1867-05-07,1867-05-04,1867-11-07,1867-10-07,1867-11-07,-
When did Nelson Mandela become President of South Africa?,-,-,2009-05-02,1994-05-10,1994-06-10,1994-05-10,1994-05-10,1994-05-10,1994-05-10,-,-,-,2009-05-02,1994-05-10,1994-06-10,1994-05-10,1994-05-10,1994-05-10,1994-05-10,-,-,-,2009-05-02,1994-05-10,1994-06-10,1994-05-10,1994-05-10,1994-05-10,1994-05-10,-
On what day was Anne Frank born?,-,-,1924-08-15,1929-06-12,-,1929-06-12,1929-06-12,1929-06-12,1929-06-12,-,-,-,1924-08-15,1929-06-12,-,1929-06-12,1929-06-12,1929-06-12,1929-06-12,-,-,-,1924-08-15,1929-06-12,-,1929-06-12,1929-06-12,1929-06-12,1929-06-12,-
When did Amelia Earhart disappear during her attempt to circumnavigate the globe?,-,-,1937-07-20,1937-07-02,1937-07-02,1937-07-02,1937-07-02,-,1937-07-24,-,-,-,1937-07-20,1937-07-02,1937-07-02,1937-07-02,1937-07-02,-,1937-07-24,-,-,-,1937-07-20,1937-07-02,1937-07-02,1937-07-02,1937-07-02,-,1937-07-24,-
What date marks the death of Steve Jobs?,-,-,2011-02-15,2011-10-05,1975-10-05,2011-10-05,2011-10-05,2011-01-55,2011-10-05,-,-,-,2011-02-15,2011-10-05,1975-10-05,2011-10-05,2011-10-05,2011-01-55,2011-10-05,-,-,-,2011-02-15,2011-10-05,1975-10-05,2011-10-05,2011-10-05,2011-01-55,2011-10-05,-
